data,Sorted,Reverse_sorted,Random_arranged
10000,0.002886,0.003402,0.002933
20000,0.005203,0.004959,0.005071
30000,0.008082,0.008715,0.008265
40000,0.011502,0.010241,0.012284
50000,0.013473,0.013709,0.014550
60000,0.016809,0.017978,0.017568
70000,0.022239,0.019696,0.020123
80000,0.026742,0.027477,0.028388
90000,0.031013,0.025534,0.027856
100000,0.029212,0.028253,0.030248
