data,Sorted,Reverse_sorted,Random_arranged
10000,0.142640,0.147029,0.144987
20000,0.565921,0.593219,0.577175
30000,1.298681,1.375977,1.332928
40000,2.262073,2.347717,2.343180
50000,3.596584,3.632106,3.506392
60000,5.039968,5.180180,5.001146
70000,7.215451,7.349373,6.989067
80000,9.037595,9.525427,8.888003
90000,11.343707,11.718884,11.255541
100000,13.882591,15.105222,13.914631
