data,Sorted,Reverse_sorted,Random_arranged
10000,0.124034,0.215388,0.157479
20000,0.492183,0.926253,0.661206
30000,1.133957,2.091281,1.431100
40000,1.904698,3.445652,2.484532
50000,2.992887,5.451769,3.958467
60000,4.677230,7.761741,5.635807
70000,6.097259,11.021543,7.982587
80000,7.988532,14.268971,10.667553
90000,10.273016,18.929978,13.325023
100000,12.533582,22.031159,16.468067
