data,Sorted,Reverse_sorted,Random_arranged
10000,0.002222,0.002552,0.003674
20000,0.004373,0.004381,0.005047
30000,0.006328,0.006220,0.007752
40000,0.008057,0.009112,0.013346
50000,0.014502,0.014030,0.015052
60000,0.012533,0.014580,0.018419
70000,0.015186,0.015566,0.019946
80000,0.019040,0.021402,0.023730
90000,0.022249,0.020728,0.025957
100000,0.022062,0.022953,0.029503
