data,Sorted,Reverse_sorted,Random_arranged
10000,0.000046,0.152886,0.073264
20000,0.000199,0.601088,0.292399
30000,0.000131,1.402026,0.708668
40000,0.000175,2.667695,1.182977
50000,0.000223,3.638232,1.795596
60000,0.000352,5.216679,2.600681
70000,0.000307,7.075588,3.521401
80000,0.000349,9.238641,4.601489
90000,0.000395,11.667234,5.827366
100000,0.000437,14.556333,7.218380
