data,Sorted,Reverse_sorted,Random_arranged
10000,0.000935,0.000681,0.001354
20000,0.001210,0.001685,0.003091
30000,0.001890,0.002152,0.005065
40000,0.002872,0.002669,0.006197
50000,0.003730,0.003594,0.008345
60000,0.004084,0.004310,0.009593
70000,0.005406,0.005005,0.011600
80000,0.006358,0.005770,0.013477
90000,0.006386,0.006553,0.015580
100000,0.007280,0.007171,0.017344
