data,Sorted,Reverse_sorted,Random_arranged
10000,0.126210,0.157382,0.001750
20000,0.503239,0.631272,0.003940
30000,1.131424,1.508702,0.004233
40000,2.062939,2.667412,0.006040
50000,3.085717,3.855480,0.007487
60000,4.535302,5.763110,0.009336
70000,6.120797,7.714233,0.010584
80000,7.997308,10.381072,0.012327
90000,10.070682,13.145707,0.014171
100000,12.441550,15.943916,0.016237
