data,Sorted,Reverse_sorted,Random_arranged
10000,0.331771,0.217572,0.001521
20000,1.273519,0.879269,0.005429
30000,2.849455,1.938666,0.005841
40000,5.005709,3.576147,0.006255
50000,8.496394,5.728328,0.007978
60000,11.232798,7.804562,0.010045
70000,15.214750,10.656424,0.011584
80000,19.859347,13.958234,0.013660
90000,25.176499,17.649999,0.015410
100000,31.091651,22.072075,0.018722
